ID,RA,Dec,Environment_Label,Distance,Pixel_Scale,Cutout_Size,Evolutionary_Class
spiral_0000,144.31941,44.46438,GC,7.82,0.031,128,spiral
spiral_0001,320.14809,49.48661,Nucleus,0.78,0.031,128,spiral
spiral_0002,48.51562,0.71302,GC,7.61,0.031,128,spiral
spiral_0003,351.83583,-63.60931,Nucleus,4.93,0.031,128,spiral
spiral_0004,284.0949,32.07478,SFR,1.38,0.031,128,spiral
spiral_0005,304.25544,-40.30279,Nucleus,9.94,0.031,128,spiral
spiral_0006,21.71542,-15.65639,GC,8.93,0.031,128,spiral
spiral_0007,331.66744,-51.36642,SFR,2.0,0.031,128,spiral
spiral_0008,174.66386,16.50766,SFR,6.39,0.031,128,spiral
spiral_0009,122.70634,68.06339,GC,3.62,0.031,128,spiral
spiral_0010,104.51554,59.46724,SFR,5.04,0.031,128,spiral
spiral_0011,213.48787,31.04794,GC,5.68,0.031,128,spiral
spiral_0012,285.51908,-15.94577,GC,7.28,0.031,128,spiral
spiral_0013,214.5972,43.30269,SFR,7.8,0.031,128,spiral
spiral_0014,186.89439,-34.0843,Nucleus,9.54,0.031,128,spiral
spiral_0015,288.61609,33.00852,SFR,1.58,0.031,128,spiral
spiral_0016,244.19347,38.81223,GC,2.57,0.031,128,spiral
spiral_0017,118.78359,-7.34809,SFR,4.75,0.031,128,spiral
spiral_0018,78.35381,77.66123,GC,3.57,0.031,128,spiral
spiral_0019,79.2164,-26.47248,GC,8.54,0.031,128,spiral
spiral_0020,230.21037,71.54558,Nucleus,0.42,0.031,128,spiral
spiral_0021,226.83713,-51.04841,SFR,2.96,0.031,128,spiral
spiral_0022,358.62684,4.35165,Nucleus,6.41,0.031,128,spiral
spiral_0023,320.35742,67.85061,SFR,0.38,0.031,128,spiral
spiral_0024,81.01926,10.12144,SFR,7.04,0.031,128,spiral
spiral_0025,351.05783,-25.54633,GC,3.52,0.031,128,spiral
spiral_0026,53.53644,42.81998,SFR,8.26,0.031,128,spiral
spiral_0027,34.56707,69.82166,SFR,7.46,0.031,128,spiral
spiral_0028,60.36622,-76.53173,Nucleus,0.59,0.031,128,spiral
spiral_0029,35.48441,76.75317,GC,6.89,0.031,128,spiral
spiral_0030,259.92907,-1.70055,Nucleus,8.68,0.031,128,spiral
spiral_0031,243.96569,-37.2368,GC,3.26,0.031,128,spiral
spiral_0032,309.3632,66.63135,Nucleus,5.24,0.031,128,spiral
spiral_0033,211.09802,33.67887,Nucleus,3.79,0.031,128,spiral
spiral_0034,339.40564,30.94736,SFR,5.17,0.031,128,spiral
spiral_0035,104.13451,-61.65553,Nucleus,6.71,0.031,128,spiral
spiral_0036,183.67071,43.14063,SFR,2.68,0.031,128,spiral
spiral_0037,268.69496,31.28759,GC,5.76,0.031,128,spiral
spiral_0038,231.44818,39.41536,Nucleus,3.39,0.031,128,spiral
spiral_0039,199.03481,-70.62588,SFR,3.39,0.031,128,spiral
spiral_0040,54.12423,23.47924,GC,8.9,0.031,128,spiral
spiral_0041,330.71605,5.58142,Nucleus,1.96,0.031,128,spiral
spiral_0042,230.68635,-82.8471,GC,4.85,0.031,128,spiral
spiral_0043,318.7415,-37.40569,Nucleus,1.83,0.031,128,spiral
spiral_0044,12.51084,-83.08228,Nucleus,0.53,0.031,128,spiral
spiral_0045,246.52575,43.52523,SFR,7.73,0.031,128,spiral
spiral_0046,115.81538,-71.72632,Nucleus,2.07,0.031,128,spiral
spiral_0047,150.62966,18.72626,SFR,0.81,0.031,128,spiral
spiral_0048,135.07098,11.94232,Nucleus,2.78,0.031,128,spiral
spiral_0049,62.92695,32.47399,Nucleus,6.49,0.031,128,spiral
spiral_0050,110.21593,52.86401,GC,6.23,0.031,128,spiral
spiral_0051,65.7342,-78.02839,SFR,7.2,0.031,128,spiral
spiral_0052,225.26096,1.01786,SFR,1.0,0.031,128,spiral
spiral_0053,120.99819,-49.63964,SFR,3.42,0.031,128,spiral
spiral_0054,169.52623,61.42106,Nucleus,4.07,0.031,128,spiral
spiral_0055,292.83679,19.96223,SFR,2.31,0.031,128,spiral
spiral_0056,150.35395,10.95123,SFR,6.65,0.031,128,spiral
spiral_0057,202.58732,-77.04845,Nucleus,8.9,0.031,128,spiral
spiral_0058,201.19251,16.75093,SFR,0.75,0.031,128,spiral
spiral_0059,167.86049,3.81299,GC,1.81,0.031,128,spiral
spiral_0060,185.39141,-30.27152,Nucleus,3.98,0.031,128,spiral
spiral_0061,279.19307,-12.95664,Nucleus,9.08,0.031,128,spiral
spiral_0062,283.27522,-22.57568,SFR,0.55,0.031,128,spiral
spiral_0063,110.74225,54.7889,Nucleus,7.25,0.031,128,spiral
spiral_0064,95.32652,-33.61697,Nucleus,4.06,0.031,128,spiral
spiral_0065,111.3329,-61.05183,Nucleus,6.74,0.031,128,spiral
spiral_0066,65.88232,48.35506,GC,4.29,0.031,128,spiral
spiral_0067,82.02294,27.57237,Nucleus,4.69,0.031,128,spiral
spiral_0068,257.27098,-40.12409,GC,7.67,0.031,128,spiral
spiral_0069,101.08467,-46.70541,Nucleus,0.41,0.031,128,spiral
spiral_0070,105.81285,67.50327,SFR,5.96,0.031,128,spiral
spiral_0071,282.86275,20.00101,Nucleus,3.22,0.031,128,spiral
spiral_0072,266.77062,87.04417,GC,2.8,0.031,128,spiral
spiral_0073,210.15709,-59.0264,GC,0.92,0.031,128,spiral
spiral_0074,272.37289,-15.48229,GC,3.29,0.031,128,spiral
spiral_0075,272.75618,7.65209,SFR,2.27,0.031,128,spiral
spiral_0076,188.32182,15.884,SFR,8.6,0.031,128,spiral
spiral_0077,296.94636,55.45041,Nucleus,4.53,0.031,128,spiral
spiral_0078,91.19746,75.63911,Nucleus,2.88,0.031,128,spiral
spiral_0079,333.48045,-32.19551,Nucleus,3.32,0.031,128,spiral
spiral_0080,258.12325,64.70439,GC,9.57,0.031,128,spiral
spiral_0081,241.26446,-76.01945,GC,6.62,0.031,128,spiral
spiral_0082,128.22486,-25.68648,Nucleus,2.79,0.031,128,spiral
spiral_0083,285.01658,-60.93518,Nucleus,1.29,0.031,128,spiral
spiral_0084,154.26485,5.09842,GC,3.1,0.031,128,spiral
spiral_0085,302.06963,-7.88547,GC,0.13,0.031,128,spiral
spiral_0086,357.88513,-43.77879,GC,0.91,0.031,128,spiral
spiral_0087,196.59506,76.11433,Nucleus,7.2,0.031,128,spiral
spiral_0088,341.39276,37.83244,GC,3.22,0.031,128,spiral
spiral_0089,253.41872,-11.86564,SFR,8.82,0.031,128,spiral
spiral_0090,314.07601,-83.97614,Nucleus,4.56,0.031,128,spiral
spiral_0091,203.61473,-45.48951,GC,4.93,0.031,128,spiral
spiral_0092,338.29286,-68.70762,GC,9.64,0.031,128,spiral
spiral_0093,290.81016,-22.30582,Nucleus,3.38,0.031,128,spiral
spiral_0094,91.8683,-58.78967,Nucleus,3.91,0.031,128,spiral
spiral_0095,27.8839,23.41105,SFR,5.86,0.031,128,spiral
spiral_0096,29.25181,-80.43413,SFR,8.64,0.031,128,spiral
spiral_0097,101.4801,-21.2371,SFR,2.04,0.031,128,spiral
spiral_0098,30.29816,-48.58702,GC,6.87,0.031,128,spiral
spiral_0099,262.48241,57.7663,SFR,8.14,0.031,128,spiral
spiral_0100,62.33056,43.80326,GC,7.64,0.031,128,spiral
spiral_0101,203.34797,-33.9075,Nucleus,3.32,0.031,128,spiral
spiral_0102,314.4187,-47.32966,Nucleus,7.14,0.031,128,spiral
spiral_0103,356.46202,21.74439,GC,4.99,0.031,128,spiral
spiral_0104,49.75961,71.1563,Nucleus,5.55,0.031,128,spiral
spiral_0105,227.28037,-40.09008,GC,3.98,0.031,128,spiral
spiral_0106,286.80278,74.48772,GC,9.53,0.031,128,spiral
spiral_0107,225.82902,70.39827,SFR,8.6,0.031,128,spiral
spiral_0108,121.96036,-33.45431,SFR,6.48,0.031,128,spiral
spiral_0109,328.20498,77.12751,SFR,9.27,0.031,128,spiral
spiral_0110,306.64095,-10.41701,SFR,2.23,0.031,128,spiral
spiral_0111,210.31288,-11.18952,Nucleus,4.78,0.031,128,spiral
spiral_0112,271.31701,-1.04922,GC,8.55,0.031,128,spiral
spiral_0113,198.81919,-67.29327,SFR,6.67,0.031,128,spiral
spiral_0114,178.22193,14.60057,SFR,5.33,0.031,128,spiral
spiral_0115,17.4514,-44.67816,Nucleus,2.0,0.031,128,spiral
spiral_0116,272.56543,-10.26995,Nucleus,5.77,0.031,128,spiral
spiral_0117,215.23275,73.97631,SFR,2.71,0.031,128,spiral
spiral_0118,267.92655,-43.65239,SFR,2.08,0.031,128,spiral
spiral_0119,199.01583,68.01877,Nucleus,3.03,0.031,128,spiral
spiral_0120,12.01931,-50.47206,Nucleus,4.84,0.031,128,spiral
spiral_0121,11.71836,-43.06435,Nucleus,5.98,0.031,128,spiral
spiral_0122,311.53952,20.68534,Nucleus,1.22,0.031,128,spiral
spiral_0123,246.66008,-71.93118,Nucleus,0.52,0.031,128,spiral
spiral_0124,123.01626,31.12854,Nucleus,3.01,0.031,128,spiral
spiral_0125,266.80114,15.22607,SFR,7.42,0.031,128,spiral
spiral_0126,26.28553,84.16645,GC,9.65,0.031,128,spiral
spiral_0127,60.03195,-1.05758,GC,7.24,0.031,128,spiral
spiral_0128,133.86649,26.82182,SFR,0.3,0.031,128,spiral
spiral_0129,102.47759,65.73955,SFR,9.23,0.031,128,spiral
spiral_0130,209.72491,69.61578,Nucleus,4.06,0.031,128,spiral
spiral_0131,223.40521,51.9529,Nucleus,8.87,0.031,128,spiral
spiral_0132,180.06517,-0.43128,Nucleus,7.42,0.031,128,spiral
spiral_0133,354.79455,-48.75557,SFR,6.72,0.031,128,spiral
spiral_0134,146.17783,48.94576,GC,8.95,0.031,128,spiral
spiral_0135,155.16138,71.13482,GC,6.1,0.031,128,spiral
spiral_0136,331.42635,33.22601,GC,3.02,0.031,128,spiral
spiral_0137,98.18,64.00841,Nucleus,3.94,0.031,128,spiral
spiral_0138,199.13433,-4.34548,SFR,3.23,0.031,128,spiral
spiral_0139,208.57494,-34.72379,Nucleus,5.71,0.031,128,spiral
spiral_0140,15.42482,78.67607,SFR,1.04,0.031,128,spiral
spiral_0141,35.75009,41.00063,GC,5.03,0.031,128,spiral
spiral_0142,292.45904,5.69885,Nucleus,8.25,0.031,128,spiral
spiral_0143,59.96973,-28.56502,Nucleus,9.58,0.031,128,spiral
spiral_0144,319.58309,19.27294,SFR,5.18,0.031,128,spiral
spiral_0145,170.98918,-82.88115,SFR,8.54,0.031,128,spiral
spiral_0146,228.78586,-18.36356,SFR,5.59,0.031,128,spiral
spiral_0147,330.6318,0.30537,Nucleus,2.08,0.031,128,spiral
spiral_0148,102.32687,64.30454,GC,6.14,0.031,128,spiral
spiral_0149,159.70808,-45.93036,Nucleus,5.61,0.031,128,spiral
spiral_0150,161.42855,-44.32364,Nucleus,9.35,0.031,128,spiral
spiral_0151,101.25749,89.15508,SFR,3.34,0.031,128,spiral
spiral_0152,41.95202,-81.06484,SFR,2.11,0.031,128,spiral
spiral_0153,104.3784,24.96709,Nucleus,9.18,0.031,128,spiral
spiral_0154,54.23292,58.00045,Nucleus,8.04,0.031,128,spiral
spiral_0155,91.83802,52.47256,GC,5.74,0.031,128,spiral
spiral_0156,9.60551,47.1114,GC,4.15,0.031,128,spiral
spiral_0157,289.72956,15.76577,Nucleus,0.96,0.031,128,spiral
spiral_0158,124.67337,-23.03175,Nucleus,1.47,0.031,128,spiral
spiral_0159,161.4473,23.82531,GC,7.54,0.031,128,spiral
spiral_0160,107.57752,1.75694,Nucleus,4.21,0.031,128,spiral
spiral_0161,282.15792,15.48888,Nucleus,4.75,0.031,128,spiral
spiral_0162,316.41623,-33.47524,GC,1.5,0.031,128,spiral
spiral_0163,35.1769,-72.8722,Nucleus,7.63,0.031,128,spiral
spiral_0164,147.97686,73.87712,Nucleus,5.54,0.031,128,spiral
spiral_0165,304.39475,-74.86879,SFR,3.99,0.031,128,spiral
spiral_0166,340.8689,41.0797,SFR,0.16,0.031,128,spiral
spiral_0167,52.77059,23.87699,SFR,6.33,0.031,128,spiral
spiral_0168,2.85785,-84.72294,SFR,2.07,0.031,128,spiral
spiral_0169,203.55656,-75.81308,GC,8.16,0.031,128,spiral
spiral_0170,196.31139,-36.72508,GC,3.83,0.031,128,spiral
spiral_0171,76.88782,72.28497,SFR,6.95,0.031,128,spiral
spiral_0172,306.91857,-37.26023,Nucleus,7.61,0.031,128,spiral
spiral_0173,137.09767,75.35031,Nucleus,0.96,0.031,128,spiral
spiral_0174,52.82922,9.87903,SFR,4.47,0.031,128,spiral
spiral_0175,215.58984,-16.71953,GC,2.94,0.031,128,spiral
spiral_0176,90.37129,54.49138,SFR,7.07,0.031,128,spiral
spiral_0177,0.9944,43.22844,Nucleus,4.02,0.031,128,spiral
spiral_0178,341.08947,76.90432,SFR,5.64,0.031,128,spiral
spiral_0179,270.43262,66.68053,Nucleus,6.71,0.031,128,spiral
spiral_0180,7.40347,-12.94587,SFR,5.08,0.031,128,spiral
spiral_0181,100.98786,10.91281,SFR,0.84,0.031,128,spiral
spiral_0182,34.38453,-75.58024,Nucleus,6.43,0.031,128,spiral
spiral_0183,169.81322,29.08974,Nucleus,5.68,0.031,128,spiral
spiral_0184,28.6342,32.58025,SFR,5.83,0.031,128,spiral
spiral_0185,122.74998,-53.29785,GC,9.43,0.031,128,spiral
spiral_0186,91.72206,-28.65319,Nucleus,1.28,0.031,128,spiral
spiral_0187,94.80521,-56.7001,GC,9.33,0.031,128,spiral
spiral_0188,76.45585,-49.80495,Nucleus,1.61,0.031,128,spiral
spiral_0189,128.6305,-70.17754,SFR,2.95,0.031,128,spiral
spiral_0190,226.44563,74.18382,Nucleus,9.46,0.031,128,spiral
spiral_0191,184.65506,-75.60338,Nucleus,4.81,0.031,128,spiral
spiral_0192,113.54917,2.42327,GC,8.59,0.031,128,spiral
spiral_0193,161.97585,-3.25465,GC,5.61,0.031,128,spiral
spiral_0194,297.50436,-34.88833,SFR,6.79,0.031,128,spiral
spiral_0195,55.40307,83.17153,GC,0.49,0.031,128,spiral
spiral_0196,236.81627,-1.25174,SFR,2.0,0.031,128,spiral
spiral_0197,257.16143,-46.19875,SFR,0.66,0.031,128,spiral
spiral_0198,13.9389,-70.1013,GC,8.51,0.031,128,spiral
spiral_0199,324.27403,43.2222,GC,1.25,0.031,128,spiral
shell_0000,17.67486,-14.40444,Nucleus,8.98,0.031,128,shell
shell_0001,51.71772,-20.47726,GC,1.97,0.031,128,shell
shell_0002,168.6349,26.36206,Nucleus,4.35,0.031,128,shell
shell_0003,258.36053,-8.95907,SFR,4.22,0.031,128,shell
shell_0004,239.80324,49.13462,Nucleus,1.84,0.031,128,shell
shell_0005,84.51381,43.60327,SFR,7.35,0.031,128,shell
shell_0006,286.97351,-39.85384,SFR,7.64,0.031,128,shell
shell_0007,98.5202,-69.66952,GC,9.93,0.031,128,shell
shell_0008,70.12725,-48.14394,GC,1.26,0.031,128,shell
shell_0009,171.65716,-78.96064,Nucleus,4.95,0.031,128,shell
shell_0010,40.72118,-62.86932,Nucleus,3.21,0.031,128,shell
shell_0011,151.12801,-53.99616,GC,4.92,0.031,128,shell
shell_0012,112.72267,-13.58188,Nucleus,5.84,0.031,128,shell
shell_0013,166.64577,-4.339,GC,7.1,0.031,128,shell
shell_0014,118.93886,-1.91915,Nucleus,7.39,0.031,128,shell
shell_0015,161.1685,-49.24746,GC,0.77,0.031,128,shell
shell_0016,310.80485,34.83426,GC,9.85,0.031,128,shell
shell_0017,18.1973,-73.1337,SFR,2.91,0.031,128,shell
shell_0018,3.31647,80.6138,Nucleus,6.93,0.031,128,shell
shell_0019,76.41794,61.38295,Nucleus,5.85,0.031,128,shell
shell_0020,15.0621,86.90102,SFR,7.46,0.031,128,shell
shell_0021,213.40514,17.54838,GC,4.59,0.031,128,shell
shell_0022,99.86236,62.05177,GC,7.92,0.031,128,shell
shell_0023,357.91018,82.32881,Nucleus,9.34,0.031,128,shell
shell_0024,238.67366,57.7572,GC,6.36,0.031,128,shell
shell_0025,167.89258,3.32245,SFR,7.27,0.031,128,shell
shell_0026,357.4548,-6.87438,Nucleus,2.2,0.031,128,shell
shell_0027,25.21014,-22.79965,SFR,7.54,0.031,128,shell
shell_0028,220.84225,39.55429,GC,0.14,0.031,128,shell
shell_0029,319.65799,-20.23877,Nucleus,5.09,0.031,128,shell
shell_0030,213.23326,79.72337,SFR,1.75,0.031,128,shell
shell_0031,283.90801,-15.54746,Nucleus,5.85,0.031,128,shell
shell_0032,15.68003,-73.81001,GC,5.82,0.031,128,shell
shell_0033,159.55271,-4.46175,GC,5.54,0.031,128,shell
shell_0034,294.9514,-86.98059,SFR,9.48,0.031,128,shell
shell_0035,199.43405,20.69119,GC,9.38,0.031,128,shell
shell_0036,335.37548,53.57595,GC,0.16,0.031,128,shell
shell_0037,180.41011,-57.62865,SFR,6.04,0.031,128,shell
shell_0038,196.88033,-81.03557,SFR,2.71,0.031,128,shell
shell_0039,113.51371,-55.27013,SFR,1.24,0.031,128,shell
shell_0040,257.95163,1.04962,Nucleus,6.07,0.031,128,shell
shell_0041,259.0889,82.20039,GC,5.05,0.031,128,shell
shell_0042,33.47122,-83.93654,SFR,0.19,0.031,128,shell
shell_0043,83.39429,63.08778,SFR,8.38,0.031,128,shell
shell_0044,99.70839,-48.78277,SFR,8.91,0.031,128,shell
shell_0045,195.10193,-41.66995,Nucleus,6.01,0.031,128,shell
shell_0046,66.31595,19.54863,Nucleus,1.99,0.031,128,shell
shell_0047,141.74904,3.11085,GC,6.18,0.031,128,shell
shell_0048,86.63882,-57.82651,GC,5.83,0.031,128,shell
shell_0049,21.84798,78.15518,SFR,0.95,0.031,128,shell
shell_0050,339.51061,-2.13778,GC,4.42,0.031,128,shell
shell_0051,65.55382,35.23079,GC,6.55,0.031,128,shell
shell_0052,40.78666,-54.9818,SFR,9.05,0.031,128,shell
shell_0053,87.77878,49.21668,GC,5.76,0.031,128,shell
shell_0054,226.9445,-70.39447,GC,9.68,0.031,128,shell
shell_0055,199.07548,37.26923,SFR,1.3,0.031,128,shell
shell_0056,122.33835,1.24918,GC,8.98,0.031,128,shell
shell_0057,329.717,29.21437,Nucleus,9.49,0.031,128,shell
shell_0058,210.35166,38.62391,SFR,1.67,0.031,128,shell
shell_0059,346.63473,14.58363,Nucleus,9.07,0.031,128,shell
shell_0060,152.33813,23.52295,GC,8.83,0.031,128,shell
shell_0061,270.01824,13.13864,Nucleus,2.49,0.031,128,shell
shell_0062,296.32493,-49.49643,Nucleus,8.29,0.031,128,shell
shell_0063,9.21288,-77.75782,SFR,7.66,0.031,128,shell
shell_0064,154.13917,0.29484,Nucleus,6.97,0.031,128,shell
shell_0065,32.19571,-21.60208,Nucleus,8.76,0.031,128,shell
shell_0066,281.2604,-78.65628,Nucleus,2.88,0.031,128,shell
shell_0067,68.41704,-23.7286,SFR,7.67,0.031,128,shell
shell_0068,48.07699,-8.38503,GC,3.53,0.031,128,shell
shell_0069,27.95608,86.75434,Nucleus,4.08,0.031,128,shell
shell_0070,83.70581,-19.44306,GC,7.78,0.031,128,shell
shell_0071,197.55612,30.76596,Nucleus,9.2,0.031,128,shell
shell_0072,202.45652,-66.7774,SFR,8.7,0.031,128,shell
shell_0073,357.15023,63.62866,GC,7.47,0.031,128,shell
shell_0074,174.58935,33.71882,Nucleus,8.81,0.031,128,shell
shell_0075,216.36285,5.06739,SFR,2.84,0.031,128,shell
shell_0076,229.95085,-23.7998,Nucleus,9.14,0.031,128,shell
shell_0077,31.76988,46.13088,Nucleus,8.24,0.031,128,shell
shell_0078,308.20856,65.80579,SFR,0.94,0.031,128,shell
shell_0079,163.50366,52.69681,GC,4.08,0.031,128,shell
shell_0080,127.41843,-26.9736,SFR,7.37,0.031,128,shell
shell_0081,76.6634,22.66855,Nucleus,5.71,0.031,128,shell
shell_0082,130.03376,59.04906,Nucleus,5.42,0.031,128,shell
shell_0083,319.70097,70.17597,SFR,0.34,0.031,128,shell
shell_0084,80.40884,32.08092,SFR,2.63,0.031,128,shell
shell_0085,81.10149,10.31294,Nucleus,6.89,0.031,128,shell
shell_0086,247.25413,-51.09379,SFR,8.57,0.031,128,shell
shell_0087,358.1768,-68.84809,Nucleus,5.84,0.031,128,shell
shell_0088,100.20294,-60.48371,SFR,9.67,0.031,128,shell
shell_0089,327.20885,-77.86037,Nucleus,3.85,0.031,128,shell
shell_0090,348.96662,-89.47368,SFR,9.06,0.031,128,shell
shell_0091,228.35726,-65.32527,Nucleus,5.21,0.031,128,shell
shell_0092,334.99553,16.41636,GC,6.33,0.031,128,shell
shell_0093,253.81219,-13.06368,GC,0.14,0.031,128,shell
shell_0094,82.1115,-16.30406,Nucleus,8.07,0.031,128,shell
shell_0095,119.93283,-50.72686,GC,6.13,0.031,128,shell
shell_0096,32.16677,-8.64895,SFR,4.18,0.031,128,shell
shell_0097,182.56935,-10.30448,Nucleus,1.69,0.031,128,shell
shell_0098,97.97319,73.72385,SFR,7.08,0.031,128,shell
shell_0099,0.06675,46.58753,Nucleus,0.67,0.031,128,shell
shell_0100,134.95938,74.94351,SFR,4.09,0.031,128,shell
shell_0101,64.76678,51.96635,Nucleus,1.99,0.031,128,shell
shell_0102,47.09731,-4.08114,SFR,8.67,0.031,128,shell
shell_0103,266.14422,-25.31601,SFR,9.34,0.031,128,shell
shell_0104,319.5104,69.84511,SFR,4.34,0.031,128,shell
shell_0105,198.05159,71.95272,Nucleus,0.83,0.031,128,shell
shell_0106,96.16554,24.67402,Nucleus,1.51,0.031,128,shell
shell_0107,122.88048,53.30685,SFR,2.16,0.031,128,shell
shell_0108,311.17066,-40.56927,GC,6.91,0.031,128,shell
shell_0109,39.25324,5.74315,GC,7.33,0.031,128,shell
shell_0110,166.22309,-49.48691,Nucleus,3.48,0.031,128,shell
shell_0111,219.41471,-45.46844,Nucleus,4.01,0.031,128,shell
shell_0112,287.59999,-20.92272,GC,2.25,0.031,128,shell
shell_0113,274.44184,-15.57952,SFR,7.58,0.031,128,shell
shell_0114,312.22784,-83.25603,Nucleus,3.58,0.031,128,shell
shell_0115,147.98771,-50.71757,GC,9.24,0.031,128,shell
shell_0116,133.76594,24.84403,Nucleus,3.31,0.031,128,shell
shell_0117,7.14393,-55.06957,GC,5.12,0.031,128,shell
shell_0118,149.67958,79.92311,SFR,6.61,0.031,128,shell
shell_0119,262.87511,-61.74316,GC,8.26,0.031,128,shell
shell_0120,119.77769,52.04308,Nucleus,6.49,0.031,128,shell
shell_0121,69.55474,87.85818,Nucleus,8.41,0.031,128,shell
shell_0122,358.58186,-80.42531,SFR,3.8,0.031,128,shell
shell_0123,263.2593,-19.8098,GC,4.59,0.031,128,shell
shell_0124,68.69346,-86.86591,Nucleus,5.26,0.031,128,shell
shell_0125,284.4234,-39.33485,GC,1.18,0.031,128,shell
shell_0126,152.58173,88.06541,SFR,6.4,0.031,128,shell
shell_0127,73.77857,3.73624,SFR,9.67,0.031,128,shell
shell_0128,68.52587,72.67207,GC,1.52,0.031,128,shell
shell_0129,170.03993,15.4637,Nucleus,3.18,0.031,128,shell
shell_0130,26.71738,0.41235,GC,5.1,0.031,128,shell
shell_0131,19.86741,-63.3149,Nucleus,4.11,0.031,128,shell
shell_0132,314.42892,74.00803,SFR,3.82,0.031,128,shell
shell_0133,155.03358,-74.23754,SFR,7.89,0.031,128,shell
shell_0134,266.97114,-83.19204,GC,3.7,0.031,128,shell
shell_0135,84.28235,61.02811,GC,5.96,0.031,128,shell
shell_0136,195.07112,31.75115,SFR,0.14,0.031,128,shell
shell_0137,187.91555,-62.67483,GC,6.3,0.031,128,shell
shell_0138,352.39438,3.19452,Nucleus,6.67,0.031,128,shell
shell_0139,186.93975,83.12434,SFR,1.58,0.031,128,shell
shell_0140,301.95221,1.07501,GC,0.78,0.031,128,shell
shell_0141,29.56458,41.44527,Nucleus,7.31,0.031,128,shell
shell_0142,283.09008,-55.24451,SFR,5.11,0.031,128,shell
shell_0143,213.00602,-64.98004,GC,3.99,0.031,128,shell
shell_0144,4.87795,60.23455,GC,2.07,0.031,128,shell
shell_0145,63.64736,49.88419,SFR,9.98,0.031,128,shell
shell_0146,88.11216,14.74563,GC,0.89,0.031,128,shell
shell_0147,216.84154,-1.38642,SFR,7.32,0.031,128,shell
shell_0148,271.11047,23.33737,GC,0.16,0.031,128,shell
shell_0149,32.29853,-14.56379,Nucleus,5.61,0.031,128,shell
shell_0150,177.4073,72.06557,SFR,3.78,0.031,128,shell
shell_0151,217.35422,38.28518,GC,2.25,0.031,128,shell
shell_0152,132.87044,22.57139,GC,7.04,0.031,128,shell
shell_0153,357.47063,-44.65466,SFR,6.41,0.031,128,shell
shell_0154,286.67993,-21.19732,Nucleus,4.15,0.031,128,shell
shell_0155,37.35738,-46.75663,Nucleus,7.51,0.031,128,shell
shell_0156,132.19774,-77.29468,SFR,3.84,0.031,128,shell
shell_0157,231.73187,-73.41765,GC,3.64,0.031,128,shell
shell_0158,8.84177,-25.04121,SFR,2.98,0.031,128,shell
shell_0159,193.70212,-55.73866,SFR,6.3,0.031,128,shell
shell_0160,248.23929,-81.64068,Nucleus,1.59,0.031,128,shell
shell_0161,67.2254,-16.27124,Nucleus,6.14,0.031,128,shell
shell_0162,94.38998,1.65586,GC,3.35,0.031,128,shell
shell_0163,21.12546,80.01838,Nucleus,7.45,0.031,128,shell
shell_0164,326.01175,-29.81183,Nucleus,2.22,0.031,128,shell
shell_0165,327.87155,1.41301,SFR,9.84,0.031,128,shell
shell_0166,52.12828,18.18769,Nucleus,1.54,0.031,128,shell
shell_0167,170.89269,-6.50301,Nucleus,1.71,0.031,128,shell
shell_0168,108.46272,-80.312,Nucleus,4.98,0.031,128,shell
shell_0169,189.57809,12.24269,Nucleus,7.63,0.031,128,shell
shell_0170,346.69069,-5.11168,GC,8.56,0.031,128,shell
shell_0171,196.29272,-15.50687,SFR,6.66,0.031,128,shell
shell_0172,276.12222,-76.27664,GC,0.92,0.031,128,shell
shell_0173,48.02205,-66.23529,SFR,7.64,0.031,128,shell
shell_0174,300.39236,6.70466,SFR,7.82,0.031,128,shell
shell_0175,294.83183,34.52926,GC,0.45,0.031,128,shell
shell_0176,122.75801,-58.44821,Nucleus,6.89,0.031,128,shell
shell_0177,323.82608,-72.27288,SFR,4.81,0.031,128,shell
shell_0178,157.26795,-16.99706,Nucleus,0.86,0.031,128,shell
shell_0179,292.68735,8.59048,SFR,7.02,0.031,128,shell
shell_0180,139.37463,30.80671,GC,6.77,0.031,128,shell
shell_0181,286.23249,-2.8445,Nucleus,0.7,0.031,128,shell
shell_0182,305.19747,-18.78328,GC,9.24,0.031,128,shell
shell_0183,240.30407,-62.09916,GC,4.69,0.031,128,shell
shell_0184,227.46962,-12.37853,SFR,9.51,0.031,128,shell
shell_0185,89.54484,-64.93999,GC,1.56,0.031,128,shell
shell_0186,46.67025,-57.88094,Nucleus,4.14,0.031,128,shell
shell_0187,5.21694,66.6439,Nucleus,3.13,0.031,128,shell
shell_0188,272.68027,-22.47669,Nucleus,3.49,0.031,128,shell
shell_0189,231.67532,3.47792,GC,2.67,0.031,128,shell
shell_0190,215.751,-41.17268,GC,9.48,0.031,128,shell
shell_0191,357.67879,-73.04271,Nucleus,0.37,0.031,128,shell
shell_0192,200.21619,-15.08137,SFR,3.32,0.031,128,shell
shell_0193,337.9041,-77.42023,GC,5.05,0.031,128,shell
shell_0194,121.54768,-23.52321,SFR,4.88,0.031,128,shell
shell_0195,67.44567,77.40815,GC,3.52,0.031,128,shell
shell_0196,200.89279,10.61937,SFR,2.9,0.031,128,shell
shell_0197,151.86456,-82.76597,SFR,3.7,0.031,128,shell
shell_0198,4.4909,31.37891,SFR,9.18,0.031,128,shell
shell_0199,98.94541,38.73167,GC,6.31,0.031,128,shell
outflow_0000,165.95483,-46.20748,SFR,5.9,0.031,128,outflow
outflow_0001,86.64081,58.37233,SFR,4.2,0.031,128,outflow
outflow_0002,136.97367,26.79962,SFR,3.9,0.031,128,outflow
outflow_0003,201.51673,-54.58001,GC,8.55,0.031,128,outflow
outflow_0004,174.81119,87.10009,SFR,9.35,0.031,128,outflow
outflow_0005,228.59355,-9.46963,Nucleus,5.6,0.031,128,outflow
outflow_0006,24.48782,-9.24403,Nucleus,6.56,0.031,128,outflow
outflow_0007,114.96353,88.79184,Nucleus,1.76,0.031,128,outflow
outflow_0008,228.80103,-33.31779,GC,1.13,0.031,128,outflow
outflow_0009,145.41945,-58.91277,GC,6.9,0.031,128,outflow
outflow_0010,176.51585,-85.04752,GC,0.82,0.031,128,outflow
outflow_0011,215.34054,-16.55251,GC,1.67,0.031,128,outflow
outflow_0012,150.6676,20.04775,Nucleus,3.18,0.031,128,outflow
outflow_0013,319.99104,-64.63511,GC,1.61,0.031,128,outflow
outflow_0014,133.21708,-64.70553,Nucleus,3.81,0.031,128,outflow
outflow_0015,22.96881,-31.03506,SFR,4.3,0.031,128,outflow
outflow_0016,310.49142,-42.53538,SFR,7.04,0.031,128,outflow
outflow_0017,130.4638,-45.21358,GC,7.22,0.031,128,outflow
outflow_0018,253.42488,-5.91694,Nucleus,5.91,0.031,128,outflow
outflow_0019,296.0025,25.88421,GC,3.59,0.031,128,outflow
outflow_0020,119.50831,-75.27588,Nucleus,5.45,0.031,128,outflow
outflow_0021,205.53112,-66.81823,SFR,5.32,0.031,128,outflow
outflow_0022,117.33552,-69.88966,Nucleus,7.7,0.031,128,outflow
outflow_0023,128.90458,-83.73614,Nucleus,0.42,0.031,128,outflow
outflow_0024,116.72773,-7.53794,SFR,5.74,0.031,128,outflow
outflow_0025,349.21338,-54.59961,Nucleus,2.78,0.031,128,outflow
outflow_0026,94.42083,86.18217,GC,8.96,0.031,128,outflow
outflow_0027,196.6808,21.71806,Nucleus,4.51,0.031,128,outflow
outflow_0028,119.14029,-38.64363,Nucleus,2.1,0.031,128,outflow
outflow_0029,212.9038,17.95614,SFR,5.5,0.031,128,outflow
outflow_0030,34.06317,-52.06463,GC,8.2,0.031,128,outflow
outflow_0031,153.46945,-84.34537,Nucleus,5.7,0.031,128,outflow
outflow_0032,236.092,7.13117,Nucleus,7.71,0.031,128,outflow
outflow_0033,211.25695,6.02409,GC,1.76,0.031,128,outflow
outflow_0034,117.62457,-82.5794,GC,4.48,0.031,128,outflow
outflow_0035,198.17406,15.17553,GC,4.93,0.031,128,outflow
outflow_0036,234.31628,-50.17594,GC,9.24,0.031,128,outflow
outflow_0037,148.52674,-78.19955,SFR,4.98,0.031,128,outflow
outflow_0038,283.87084,70.52611,SFR,3.72,0.031,128,outflow
outflow_0039,225.13023,-70.86357,SFR,4.45,0.031,128,outflow
outflow_0040,60.47564,-53.67552,SFR,7.14,0.031,128,outflow
outflow_0041,21.15004,-61.17288,GC,0.97,0.031,128,outflow
outflow_0042,322.71121,49.46256,SFR,4.06,0.031,128,outflow
outflow_0043,163.77759,-19.57091,GC,4.33,0.031,128,outflow
outflow_0044,224.11808,-25.91472,Nucleus,1.53,0.031,128,outflow
outflow_0045,137.58874,59.72246,GC,5.14,0.031,128,outflow
outflow_0046,297.08616,-28.37652,Nucleus,0.59,0.031,128,outflow
outflow_0047,236.60362,-35.52485,GC,0.23,0.031,128,outflow
outflow_0048,171.29684,-34.13425,GC,6.36,0.031,128,outflow
outflow_0049,11.93969,42.55342,Nucleus,6.01,0.031,128,outflow
outflow_0050,166.78487,19.48833,GC,4.37,0.031,128,outflow
outflow_0051,238.88027,-47.23275,GC,8.47,0.031,128,outflow
outflow_0052,124.8149,-37.0247,SFR,4.83,0.031,128,outflow
outflow_0053,34.66222,-11.02883,Nucleus,2.25,0.031,128,outflow
outflow_0054,94.25661,15.88297,SFR,4.39,0.031,128,outflow
outflow_0055,300.50697,58.84353,SFR,6.41,0.031,128,outflow
outflow_0056,276.00765,61.15531,Nucleus,8.23,0.031,128,outflow
outflow_0057,314.01187,-82.51413,Nucleus,1.87,0.031,128,outflow
outflow_0058,273.58537,-55.96219,SFR,4.19,0.031,128,outflow
outflow_0059,209.36785,84.59774,SFR,1.04,0.031,128,outflow
outflow_0060,209.28302,-52.62691,SFR,2.78,0.031,128,outflow
outflow_0061,283.37882,-24.3528,GC,0.4,0.031,128,outflow
outflow_0062,271.66347,-12.30476,GC,3.59,0.031,128,outflow
outflow_0063,212.79398,74.62195,SFR,5.12,0.031,128,outflow
outflow_0064,133.37572,-67.46478,GC,0.78,0.031,128,outflow
outflow_0065,248.75112,8.54476,Nucleus,3.04,0.031,128,outflow
outflow_0066,195.50801,-19.41729,GC,9.26,0.031,128,outflow
outflow_0067,161.18115,56.24972,SFR,9.12,0.031,128,outflow
outflow_0068,134.43926,42.32089,SFR,9.6,0.031,128,outflow
outflow_0069,325.49875,-82.16857,GC,2.59,0.031,128,outflow
outflow_0070,211.58851,-3.2621,Nucleus,3.05,0.031,128,outflow
outflow_0071,287.6291,-40.26527,SFR,1.31,0.031,128,outflow
outflow_0072,101.04578,-5.67449,GC,6.18,0.031,128,outflow
outflow_0073,331.65815,-45.70451,Nucleus,3.58,0.031,128,outflow
outflow_0074,174.86063,31.46539,GC,4.76,0.031,128,outflow
outflow_0075,301.94586,57.78628,GC,2.53,0.031,128,outflow
outflow_0076,106.78349,40.02741,GC,6.76,0.031,128,outflow
outflow_0077,52.59214,-14.86222,Nucleus,9.43,0.031,128,outflow
outflow_0078,353.59826,-73.64263,SFR,2.99,0.031,128,outflow
outflow_0079,217.9864,-65.12363,GC,0.89,0.031,128,outflow
outflow_0080,247.45988,-32.18773,SFR,3.74,0.031,128,outflow
outflow_0081,312.86859,35.92061,GC,6.73,0.031,128,outflow
outflow_0082,266.0984,-63.87106,SFR,6.67,0.031,128,outflow
outflow_0083,7.13827,11.60534,Nucleus,7.37,0.031,128,outflow
outflow_0084,80.43847,60.16578,Nucleus,3.06,0.031,128,outflow
outflow_0085,153.84543,-61.42145,Nucleus,5.01,0.031,128,outflow
outflow_0086,120.40753,-43.87281,SFR,6.18,0.031,128,outflow
outflow_0087,322.76489,-75.06797,SFR,4.37,0.031,128,outflow
outflow_0088,158.90446,-89.8472,Nucleus,8.13,0.031,128,outflow
outflow_0089,230.91525,60.49179,GC,8.76,0.031,128,outflow
outflow_0090,159.94721,-39.22406,SFR,8.98,0.031,128,outflow
outflow_0091,294.41049,16.50632,Nucleus,5.1,0.031,128,outflow
outflow_0092,208.3655,-33.98967,Nucleus,1.92,0.031,128,outflow
outflow_0093,67.98872,-10.29022,Nucleus,6.98,0.031,128,outflow
outflow_0094,51.59086,0.95408,GC,4.54,0.031,128,outflow
outflow_0095,30.18445,41.3086,Nucleus,0.62,0.031,128,outflow
outflow_0096,83.10932,38.26989,SFR,2.09,0.031,128,outflow
outflow_0097,290.22465,13.1083,SFR,4.25,0.031,128,outflow
outflow_0098,171.68293,45.19998,SFR,8.92,0.031,128,outflow
outflow_0099,166.27108,-36.96586,SFR,9.1,0.031,128,outflow
outflow_0100,3.97225,51.8719,Nucleus,7.02,0.031,128,outflow
outflow_0101,259.3821,51.33002,SFR,6.14,0.031,128,outflow
outflow_0102,181.9606,-78.74603,GC,4.18,0.031,128,outflow
outflow_0103,343.30868,-78.92443,GC,3.29,0.031,128,outflow
outflow_0104,352.87583,44.99356,Nucleus,5.79,0.031,128,outflow
outflow_0105,139.79332,-45.48721,Nucleus,3.76,0.031,128,outflow
outflow_0106,141.48682,10.29708,GC,0.51,0.031,128,outflow
outflow_0107,15.08997,66.84246,GC,7.89,0.031,128,outflow
outflow_0108,19.51802,-49.56499,Nucleus,3.37,0.031,128,outflow
outflow_0109,191.33624,-3.6429,SFR,2.72,0.031,128,outflow
outflow_0110,219.17189,79.51268,SFR,5.7,0.031,128,outflow
outflow_0111,278.01739,15.25685,GC,1.57,0.031,128,outflow
outflow_0112,170.22885,22.01641,GC,8.14,0.031,128,outflow
outflow_0113,267.70183,-73.65096,Nucleus,2.44,0.031,128,outflow
outflow_0114,133.77269,-6.92766,SFR,4.92,0.031,128,outflow
outflow_0115,103.62483,-27.24182,GC,2.49,0.031,128,outflow
outflow_0116,341.6041,-68.23827,SFR,6.17,0.031,128,outflow
outflow_0117,27.06661,19.93641,SFR,3.83,0.031,128,outflow
outflow_0118,62.05921,25.99778,SFR,5.57,0.031,128,outflow
outflow_0119,1.27804,55.48973,Nucleus,2.36,0.031,128,outflow
outflow_0120,43.42689,-68.40448,SFR,9.36,0.031,128,outflow
outflow_0121,30.00495,-81.78361,GC,5.55,0.031,128,outflow
outflow_0122,93.35752,31.54304,SFR,7.81,0.031,128,outflow
outflow_0123,105.78553,87.8538,Nucleus,3.15,0.031,128,outflow
outflow_0124,327.02397,54.22626,GC,8.23,0.031,128,outflow
outflow_0125,259.88493,-17.02846,GC,8.97,0.031,128,outflow
outflow_0126,185.79619,24.11195,GC,4.14,0.031,128,outflow
outflow_0127,157.47743,28.11091,Nucleus,0.11,0.031,128,outflow
outflow_0128,201.96437,40.5973,SFR,2.3,0.031,128,outflow
outflow_0129,185.68203,48.33074,GC,4.38,0.031,128,outflow
outflow_0130,325.6805,-43.5037,SFR,3.09,0.031,128,outflow
outflow_0131,159.01527,32.52214,Nucleus,4.44,0.031,128,outflow
outflow_0132,122.51708,-27.87009,SFR,3.72,0.031,128,outflow
outflow_0133,75.5456,-52.44305,Nucleus,9.11,0.031,128,outflow
outflow_0134,236.26802,-64.82915,SFR,5.0,0.031,128,outflow
outflow_0135,293.74142,-16.32038,SFR,3.61,0.031,128,outflow
outflow_0136,10.24231,3.57907,Nucleus,5.41,0.031,128,outflow
outflow_0137,165.46931,86.97145,SFR,1.11,0.031,128,outflow
outflow_0138,187.13032,-31.16508,Nucleus,1.41,0.031,128,outflow
outflow_0139,171.2714,29.95339,GC,9.97,0.031,128,outflow
outflow_0140,329.71345,-81.05354,GC,7.21,0.031,128,outflow
outflow_0141,222.2782,-15.16686,SFR,4.48,0.031,128,outflow
outflow_0142,47.12668,37.7264,Nucleus,6.0,0.031,128,outflow
outflow_0143,97.1796,16.53905,SFR,3.07,0.031,128,outflow
outflow_0144,207.26819,24.55821,GC,4.26,0.031,128,outflow
outflow_0145,259.66121,-42.31739,GC,4.22,0.031,128,outflow
outflow_0146,45.93525,83.5501,Nucleus,7.0,0.031,128,outflow
outflow_0147,252.66327,25.24574,SFR,3.79,0.031,128,outflow
outflow_0148,58.96324,7.73646,GC,5.3,0.031,128,outflow
outflow_0149,272.43255,59.50822,Nucleus,1.67,0.031,128,outflow
outflow_0150,87.74486,44.35989,SFR,7.66,0.031,128,outflow
outflow_0151,114.16328,-61.58214,GC,0.15,0.031,128,outflow
outflow_0152,263.91963,-82.39498,Nucleus,3.25,0.031,128,outflow
outflow_0153,188.18452,57.61902,SFR,8.5,0.031,128,outflow
outflow_0154,63.9285,19.50903,Nucleus,4.78,0.031,128,outflow
outflow_0155,123.73433,57.65994,GC,3.63,0.031,128,outflow
outflow_0156,262.53989,-54.78943,GC,5.18,0.031,128,outflow
outflow_0157,73.0632,-47.71207,GC,1.33,0.031,128,outflow
outflow_0158,277.19414,-1.44393,GC,8.54,0.031,128,outflow
outflow_0159,295.2844,1.80075,Nucleus,0.16,0.031,128,outflow
outflow_0160,227.53655,50.38463,Nucleus,1.0,0.031,128,outflow
outflow_0161,254.1372,59.51206,GC,2.32,0.031,128,outflow
outflow_0162,195.02023,-52.28769,GC,8.16,0.031,128,outflow
outflow_0163,178.01407,-35.76789,Nucleus,3.81,0.031,128,outflow
outflow_0164,254.73924,70.74449,SFR,8.92,0.031,128,outflow
outflow_0165,196.4681,-24.3581,Nucleus,8.77,0.031,128,outflow
outflow_0166,81.68221,-27.46645,SFR,1.44,0.031,128,outflow
outflow_0167,47.52936,11.68408,Nucleus,7.76,0.031,128,outflow
outflow_0168,192.84107,-12.99418,GC,4.34,0.031,128,outflow
outflow_0169,269.65559,-35.12779,SFR,0.69,0.031,128,outflow
outflow_0170,303.4622,44.47139,Nucleus,3.63,0.031,128,outflow
outflow_0171,199.97082,-2.8369,Nucleus,7.72,0.031,128,outflow
outflow_0172,244.47583,-84.68655,GC,6.99,0.031,128,outflow
outflow_0173,304.94829,-64.55067,Nucleus,0.75,0.031,128,outflow
outflow_0174,256.40932,47.54846,GC,2.21,0.031,128,outflow
outflow_0175,353.94904,-6.31475,Nucleus,7.34,0.031,128,outflow
outflow_0176,191.88306,46.26177,SFR,7.91,0.031,128,outflow
outflow_0177,191.20058,50.04433,GC,6.15,0.031,128,outflow
outflow_0178,95.39989,79.55546,SFR,6.37,0.031,128,outflow
outflow_0179,337.71341,33.7485,GC,7.4,0.031,128,outflow
outflow_0180,43.26177,53.62213,SFR,3.76,0.031,128,outflow
outflow_0181,51.92334,37.40653,GC,0.11,0.031,128,outflow
outflow_0182,304.12786,-62.30308,Nucleus,1.63,0.031,128,outflow
outflow_0183,357.94646,52.52922,SFR,8.7,0.031,128,outflow
outflow_0184,290.6382,-14.8265,GC,6.44,0.031,128,outflow
outflow_0185,154.31119,-13.98382,Nucleus,2.26,0.031,128,outflow
outflow_0186,238.99822,77.25486,GC,0.68,0.031,128,outflow
outflow_0187,247.19419,-22.3983,SFR,5.33,0.031,128,outflow
outflow_0188,27.18247,-41.51538,GC,7.87,0.031,128,outflow
outflow_0189,143.69477,2.86641,SFR,0.12,0.031,128,outflow
outflow_0190,143.15763,62.26813,GC,9.26,0.031,128,outflow
outflow_0191,135.2124,63.31499,SFR,5.25,0.031,128,outflow
outflow_0192,65.01637,-26.06812,GC,9.15,0.031,128,outflow
outflow_0193,289.47348,24.14486,GC,4.82,0.031,128,outflow
outflow_0194,172.15185,33.11336,SFR,3.96,0.031,128,outflow
outflow_0195,256.40354,22.32853,SFR,5.42,0.031,128,outflow
outflow_0196,13.03747,-20.50673,GC,7.32,0.031,128,outflow
outflow_0197,270.78258,73.70382,Nucleus,6.78,0.031,128,outflow
outflow_0198,111.08309,9.01791,Nucleus,7.92,0.031,128,outflow
outflow_0199,139.58669,6.87317,Nucleus,7.63,0.031,128,outflow
irregular_0000,307.26732,83.93638,GC,8.66,0.031,128,irregular
irregular_0001,301.10169,35.98395,Nucleus,7.32,0.031,128,irregular
irregular_0002,340.39828,-32.17792,SFR,4.26,0.031,128,irregular
irregular_0003,275.26655,47.49097,GC,4.99,0.031,128,irregular
irregular_0004,172.73013,32.78355,GC,5.69,0.031,128,irregular
irregular_0005,181.06801,44.15187,SFR,1.23,0.031,128,irregular
irregular_0006,267.4294,-5.45824,SFR,9.39,0.031,128,irregular
irregular_0007,89.20139,-53.75325,GC,6.86,0.031,128,irregular
irregular_0008,239.13682,-67.29373,GC,9.77,0.031,128,irregular
irregular_0009,185.45532,-76.69202,Nucleus,8.35,0.031,128,irregular
irregular_0010,122.28135,-32.60724,GC,9.97,0.031,128,irregular
irregular_0011,319.96215,-79.36819,GC,1.87,0.031,128,irregular
irregular_0012,175.2336,83.82299,SFR,9.12,0.031,128,irregular
irregular_0013,184.79681,-73.91529,SFR,3.24,0.031,128,irregular
irregular_0014,203.88752,46.71452,Nucleus,6.71,0.031,128,irregular
irregular_0015,255.28686,-89.11522,SFR,1.98,0.031,128,irregular
irregular_0016,131.82651,70.26115,Nucleus,1.64,0.031,128,irregular
irregular_0017,234.81261,-24.24613,GC,7.73,0.031,128,irregular
irregular_0018,10.63322,70.7774,SFR,7.27,0.031,128,irregular
irregular_0019,30.41628,-76.37511,SFR,7.2,0.031,128,irregular
irregular_0020,138.25197,-16.72918,SFR,3.84,0.031,128,irregular
irregular_0021,218.1913,-32.67957,SFR,5.5,0.031,128,irregular
irregular_0022,152.02001,-65.5077,SFR,0.41,0.031,128,irregular
irregular_0023,321.37277,-53.61423,SFR,7.3,0.031,128,irregular
irregular_0024,232.64435,3.00594,Nucleus,9.92,0.031,128,irregular
irregular_0025,119.18011,14.46632,SFR,3.29,0.031,128,irregular
irregular_0026,249.37766,-32.07421,Nucleus,0.51,0.031,128,irregular
irregular_0027,124.23506,-17.10189,SFR,8.03,0.031,128,irregular
irregular_0028,144.29009,-4.57985,Nucleus,1.89,0.031,128,irregular
irregular_0029,288.16424,17.69093,SFR,5.73,0.031,128,irregular
irregular_0030,68.96938,-51.82769,GC,3.21,0.031,128,irregular
irregular_0031,226.13144,53.92821,SFR,0.37,0.031,128,irregular
irregular_0032,39.8571,4.31409,Nucleus,4.2,0.031,128,irregular
irregular_0033,268.0793,43.08309,SFR,1.84,0.031,128,irregular
irregular_0034,133.12098,41.77833,Nucleus,8.63,0.031,128,irregular
irregular_0035,43.46703,-43.71092,SFR,7.46,0.031,128,irregular
irregular_0036,249.31739,5.70585,Nucleus,5.29,0.031,128,irregular
irregular_0037,329.95904,75.79824,Nucleus,4.41,0.031,128,irregular
irregular_0038,222.58831,19.5034,Nucleus,5.41,0.031,128,irregular
irregular_0039,241.15252,-46.31438,Nucleus,1.13,0.031,128,irregular
irregular_0040,325.63741,84.62006,SFR,1.73,0.031,128,irregular
irregular_0041,81.59781,2.23036,Nucleus,6.12,0.031,128,irregular
irregular_0042,239.60581,1.92553,GC,7.74,0.031,128,irregular
irregular_0043,184.04313,71.63848,Nucleus,2.47,0.031,128,irregular
irregular_0044,310.13714,51.71206,GC,0.79,0.031,128,irregular
irregular_0045,0.67548,22.19947,GC,7.51,0.031,128,irregular
irregular_0046,19.62639,-15.77605,GC,6.95,0.031,128,irregular
irregular_0047,325.09908,16.27193,GC,2.62,0.031,128,irregular
irregular_0048,304.22345,31.17796,SFR,3.33,0.031,128,irregular
irregular_0049,97.35995,-55.01633,GC,4.71,0.031,128,irregular
irregular_0050,88.9509,-22.1942,GC,8.44,0.031,128,irregular
irregular_0051,124.17508,61.09255,Nucleus,2.11,0.031,128,irregular
irregular_0052,26.30951,85.02381,GC,6.99,0.031,128,irregular
irregular_0053,265.87663,-4.13994,GC,3.1,0.031,128,irregular
irregular_0054,22.61907,-77.78314,GC,7.39,0.031,128,irregular
irregular_0055,85.67333,60.01588,SFR,5.1,0.031,128,irregular
irregular_0056,219.06736,-70.94732,SFR,1.46,0.031,128,irregular
irregular_0057,127.35862,86.40762,SFR,4.42,0.031,128,irregular
irregular_0058,297.38412,22.75362,SFR,6.34,0.031,128,irregular
irregular_0059,341.10572,-0.66965,GC,5.48,0.031,128,irregular
irregular_0060,118.41063,9.61237,SFR,4.83,0.031,128,irregular
irregular_0061,245.80661,82.57414,GC,2.12,0.031,128,irregular
irregular_0062,34.53688,-33.77975,Nucleus,3.95,0.031,128,irregular
irregular_0063,63.43913,21.30347,GC,2.8,0.031,128,irregular
irregular_0064,48.58788,-82.08314,Nucleus,1.93,0.031,128,irregular
irregular_0065,221.64433,-19.48168,Nucleus,1.53,0.031,128,irregular
irregular_0066,178.72062,59.4844,GC,0.13,0.031,128,irregular
irregular_0067,105.32004,16.14132,Nucleus,5.03,0.031,128,irregular
irregular_0068,83.45435,64.61777,SFR,4.63,0.031,128,irregular
irregular_0069,198.1885,-13.43068,SFR,8.2,0.031,128,irregular
irregular_0070,251.24168,-21.43596,Nucleus,0.33,0.031,128,irregular
irregular_0071,331.08335,-32.81118,SFR,6.57,0.031,128,irregular
irregular_0072,306.79204,-7.07138,GC,1.14,0.031,128,irregular
irregular_0073,301.40378,51.42331,Nucleus,9.28,0.031,128,irregular
irregular_0074,132.43161,-14.84659,SFR,7.33,0.031,128,irregular
irregular_0075,4.09295,-50.29757,Nucleus,2.91,0.031,128,irregular
irregular_0076,245.73116,-79.38296,SFR,2.41,0.031,128,irregular
irregular_0077,254.24173,59.31285,Nucleus,8.53,0.031,128,irregular
irregular_0078,264.09543,11.89773,GC,9.06,0.031,128,irregular
irregular_0079,353.72316,27.53444,Nucleus,4.23,0.031,128,irregular
irregular_0080,25.3893,-59.43832,GC,8.83,0.031,128,irregular
irregular_0081,214.95903,73.42735,SFR,6.76,0.031,128,irregular
irregular_0082,244.48491,16.32354,Nucleus,3.83,0.031,128,irregular
irregular_0083,332.93908,-59.32695,SFR,2.54,0.031,128,irregular
irregular_0084,123.37057,-69.76794,Nucleus,3.88,0.031,128,irregular
irregular_0085,196.29627,86.50953,Nucleus,0.55,0.031,128,irregular
irregular_0086,255.39975,-87.65799,SFR,2.29,0.031,128,irregular
irregular_0087,119.74841,-31.95559,Nucleus,8.71,0.031,128,irregular
irregular_0088,233.44459,-2.16857,SFR,8.75,0.031,128,irregular
irregular_0089,263.17317,-45.56292,SFR,9.87,0.031,128,irregular
irregular_0090,162.06255,-5.41494,GC,0.87,0.031,128,irregular
irregular_0091,166.37958,-37.00297,SFR,0.87,0.031,128,irregular
irregular_0092,333.51702,79.70617,GC,3.56,0.031,128,irregular
irregular_0093,186.60821,-84.92745,SFR,0.96,0.031,128,irregular
irregular_0094,45.03538,11.03023,SFR,9.23,0.031,128,irregular
irregular_0095,142.44515,-44.95229,GC,9.97,0.031,128,irregular
irregular_0096,337.1176,-72.53886,SFR,1.84,0.031,128,irregular
irregular_0097,266.64393,38.81461,Nucleus,2.45,0.031,128,irregular
irregular_0098,218.45026,-84.23602,SFR,4.86,0.031,128,irregular
irregular_0099,253.84151,-84.36903,SFR,6.2,0.031,128,irregular
irregular_0100,274.17516,-70.57035,Nucleus,3.03,0.031,128,irregular
irregular_0101,226.92646,-4.56745,Nucleus,0.42,0.031,128,irregular
irregular_0102,43.52678,-29.78963,SFR,5.55,0.031,128,irregular
irregular_0103,32.75669,-4.19711,SFR,6.12,0.031,128,irregular
irregular_0104,9.08143,28.9313,Nucleus,3.9,0.031,128,irregular
irregular_0105,79.23527,-58.30943,Nucleus,8.55,0.031,128,irregular
irregular_0106,92.62303,86.51434,GC,7.77,0.031,128,irregular
irregular_0107,58.02862,88.60615,GC,6.52,0.031,128,irregular
irregular_0108,0.22895,86.43353,GC,1.97,0.031,128,irregular
irregular_0109,83.97813,60.24044,GC,1.45,0.031,128,irregular
irregular_0110,85.65273,65.20135,SFR,2.68,0.031,128,irregular
irregular_0111,137.85536,10.10688,SFR,8.41,0.031,128,irregular
irregular_0112,184.21008,7.87491,SFR,1.03,0.031,128,irregular
irregular_0113,142.21512,-7.68379,SFR,4.63,0.031,128,irregular
irregular_0114,347.38593,-72.36589,SFR,9.85,0.031,128,irregular
irregular_0115,207.87473,-6.10563,Nucleus,3.86,0.031,128,irregular
irregular_0116,237.20564,-74.29322,SFR,0.75,0.031,128,irregular
irregular_0117,94.968,18.36315,SFR,1.7,0.031,128,irregular
irregular_0118,239.59909,51.19973,GC,8.32,0.031,128,irregular
irregular_0119,142.11247,-32.60187,SFR,4.41,0.031,128,irregular
irregular_0120,178.46285,-58.20188,GC,8.35,0.031,128,irregular
irregular_0121,277.13858,66.10084,SFR,1.82,0.031,128,irregular
irregular_0122,93.89441,-76.04619,Nucleus,7.97,0.031,128,irregular
irregular_0123,114.5174,-71.32978,SFR,3.04,0.031,128,irregular
irregular_0124,289.51115,-58.95588,GC,8.96,0.031,128,irregular
irregular_0125,239.66337,43.2425,SFR,0.81,0.031,128,irregular
irregular_0126,213.87386,-12.08193,Nucleus,8.65,0.031,128,irregular
irregular_0127,175.52433,15.44527,GC,5.44,0.031,128,irregular
irregular_0128,127.31085,-8.47183,SFR,2.85,0.031,128,irregular
irregular_0129,131.09005,-37.64061,Nucleus,3.95,0.031,128,irregular
irregular_0130,76.90991,72.25695,GC,0.53,0.031,128,irregular
irregular_0131,293.8983,87.4871,SFR,2.48,0.031,128,irregular
irregular_0132,104.54467,68.47224,SFR,2.71,0.031,128,irregular
irregular_0133,294.72833,71.08729,SFR,1.03,0.031,128,irregular
irregular_0134,11.5629,-4.1658,Nucleus,7.4,0.031,128,irregular
irregular_0135,339.97214,30.20898,Nucleus,6.87,0.031,128,irregular
irregular_0136,148.3407,-52.88072,SFR,6.55,0.031,128,irregular
irregular_0137,28.68357,-46.14778,SFR,9.53,0.031,128,irregular
irregular_0138,351.57142,-58.07321,Nucleus,5.74,0.031,128,irregular
irregular_0139,14.03692,-71.28861,GC,8.92,0.031,128,irregular
irregular_0140,12.91686,64.71529,SFR,7.92,0.031,128,irregular
irregular_0141,160.57916,-70.34523,Nucleus,8.14,0.031,128,irregular
irregular_0142,354.88115,10.14524,GC,2.54,0.031,128,irregular
irregular_0143,81.52714,-84.19145,SFR,4.82,0.031,128,irregular
irregular_0144,253.77594,-18.65362,GC,1.98,0.031,128,irregular
irregular_0145,9.44736,-0.40419,Nucleus,0.53,0.031,128,irregular
irregular_0146,111.92563,44.46864,SFR,7.72,0.031,128,irregular
irregular_0147,249.58319,3.14968,SFR,2.48,0.031,128,irregular
irregular_0148,42.08824,-7.3599,GC,6.54,0.031,128,irregular
irregular_0149,30.71987,-58.71854,SFR,5.24,0.031,128,irregular
irregular_0150,283.71131,-32.36182,Nucleus,4.67,0.031,128,irregular
irregular_0151,279.36986,52.64877,Nucleus,5.75,0.031,128,irregular
irregular_0152,88.9852,1.55027,GC,9.65,0.031,128,irregular
irregular_0153,301.39446,-74.58659,SFR,2.52,0.031,128,irregular
irregular_0154,202.52295,1.97076,SFR,6.14,0.031,128,irregular
irregular_0155,344.90878,32.33002,SFR,3.12,0.031,128,irregular
irregular_0156,157.00367,-26.29634,GC,4.33,0.031,128,irregular
irregular_0157,148.26277,58.47469,Nucleus,6.68,0.031,128,irregular
irregular_0158,312.69551,44.8698,GC,1.5,0.031,128,irregular
irregular_0159,210.19169,87.64965,Nucleus,6.33,0.031,128,irregular
irregular_0160,206.91188,88.46311,Nucleus,3.7,0.031,128,irregular
irregular_0161,315.9377,61.05313,SFR,3.21,0.031,128,irregular
irregular_0162,120.36882,1.39027,Nucleus,8.91,0.031,128,irregular
irregular_0163,186.14103,87.31145,GC,6.77,0.031,128,irregular
irregular_0164,80.87384,-84.36033,Nucleus,7.84,0.031,128,irregular
irregular_0165,172.91899,36.03806,GC,2.86,0.031,128,irregular
irregular_0166,236.39906,-12.5027,Nucleus,6.1,0.031,128,irregular
irregular_0167,135.4933,-85.47592,GC,5.64,0.031,128,irregular
irregular_0168,143.89549,-47.09264,Nucleus,6.35,0.031,128,irregular
irregular_0169,240.78617,-38.54054,Nucleus,9.18,0.031,128,irregular
irregular_0170,143.83993,76.25654,GC,4.63,0.031,128,irregular
irregular_0171,47.87646,29.17912,SFR,5.7,0.031,128,irregular
irregular_0172,64.46518,15.28492,GC,3.54,0.031,128,irregular
irregular_0173,324.06747,-6.15148,GC,9.46,0.031,128,irregular
irregular_0174,56.52252,34.83852,SFR,0.8,0.031,128,irregular
irregular_0175,146.9837,-76.17784,GC,9.7,0.031,128,irregular
irregular_0176,211.49911,6.84647,SFR,1.98,0.031,128,irregular
irregular_0177,155.17795,-70.52139,SFR,1.88,0.031,128,irregular
irregular_0178,263.435,1.31345,SFR,8.99,0.031,128,irregular
irregular_0179,129.20336,68.92843,GC,3.61,0.031,128,irregular
irregular_0180,260.39515,22.73529,SFR,3.87,0.031,128,irregular
irregular_0181,255.72725,6.6348,Nucleus,5.9,0.031,128,irregular
irregular_0182,50.29262,-32.52698,GC,7.91,0.031,128,irregular
irregular_0183,256.28138,-5.9812,GC,3.15,0.031,128,irregular
irregular_0184,240.04621,-44.16803,SFR,3.28,0.031,128,irregular
irregular_0185,178.44019,-23.11512,SFR,5.92,0.031,128,irregular
irregular_0186,195.69229,-11.4442,GC,9.59,0.031,128,irregular
irregular_0187,146.62813,82.83661,GC,1.16,0.031,128,irregular
irregular_0188,60.51019,37.68596,SFR,0.43,0.031,128,irregular
irregular_0189,195.76,67.14158,SFR,9.83,0.031,128,irregular
irregular_0190,131.9421,-89.76249,SFR,6.28,0.031,128,irregular
irregular_0191,145.52682,0.87979,Nucleus,8.86,0.031,128,irregular
irregular_0192,286.57859,88.68866,Nucleus,0.99,0.031,128,irregular
irregular_0193,115.45094,45.65341,SFR,7.89,0.031,128,irregular
irregular_0194,18.98559,-89.90285,GC,1.14,0.031,128,irregular
irregular_0195,53.54264,-46.02097,GC,9.61,0.031,128,irregular
irregular_0196,305.43536,-18.57674,Nucleus,4.07,0.031,128,irregular
irregular_0197,261.65762,-7.19618,GC,4.29,0.031,128,irregular
irregular_0198,212.71848,-68.65267,Nucleus,6.52,0.031,128,irregular
irregular_0199,324.78336,-67.53235,Nucleus,2.45,0.031,128,irregular
no_gas_0000,27.25867,-43.00366,GC,8.26,0.031,128,no_gas
no_gas_0001,280.5705,29.6811,Nucleus,6.55,0.031,128,no_gas
no_gas_0002,349.19586,30.83944,GC,6.92,0.031,128,no_gas
no_gas_0003,40.74659,29.24883,GC,5.45,0.031,128,no_gas
no_gas_0004,257.72031,64.82613,GC,3.57,0.031,128,no_gas
no_gas_0005,62.56082,38.82154,SFR,6.71,0.031,128,no_gas
no_gas_0006,25.17582,86.70107,SFR,1.01,0.031,128,no_gas
no_gas_0007,167.49721,20.07958,Nucleus,5.73,0.031,128,no_gas
no_gas_0008,238.54772,46.43792,Nucleus,5.45,0.031,128,no_gas
no_gas_0009,64.07882,-54.6806,GC,8.25,0.031,128,no_gas
no_gas_0010,324.57585,77.00458,SFR,8.74,0.031,128,no_gas
no_gas_0011,350.4781,-34.40772,SFR,5.96,0.031,128,no_gas
no_gas_0012,315.20949,25.82295,SFR,3.39,0.031,128,no_gas
no_gas_0013,189.17,-21.75387,GC,8.71,0.031,128,no_gas
no_gas_0014,308.49377,-88.53065,SFR,9.17,0.031,128,no_gas
no_gas_0015,176.16931,-6.59184,Nucleus,9.47,0.031,128,no_gas
no_gas_0016,170.9165,-80.11586,Nucleus,7.02,0.031,128,no_gas
no_gas_0017,71.92626,-69.26977,SFR,4.81,0.031,128,no_gas
no_gas_0018,116.45638,-51.58366,Nucleus,5.36,0.031,128,no_gas
no_gas_0019,255.23468,34.44306,SFR,1.83,0.031,128,no_gas
no_gas_0020,310.18888,2.96318,Nucleus,9.52,0.031,128,no_gas
no_gas_0021,24.63412,53.20277,SFR,4.53,0.031,128,no_gas
no_gas_0022,93.34543,78.6311,GC,0.31,0.031,128,no_gas
no_gas_0023,340.66507,2.22453,Nucleus,4.9,0.031,128,no_gas
no_gas_0024,306.53728,2.36477,SFR,2.52,0.031,128,no_gas
no_gas_0025,111.12012,-20.35162,GC,5.59,0.031,128,no_gas
no_gas_0026,73.37621,-35.59361,Nucleus,7.31,0.031,128,no_gas
no_gas_0027,44.99323,-54.84615,GC,1.96,0.031,128,no_gas
no_gas_0028,342.05155,63.5574,SFR,8.06,0.031,128,no_gas
no_gas_0029,333.95497,49.48908,GC,1.38,0.031,128,no_gas
no_gas_0030,42.85556,-69.68056,Nucleus,0.9,0.031,128,no_gas
no_gas_0031,168.54831,17.74536,SFR,1.38,0.031,128,no_gas
no_gas_0032,220.72088,-19.04654,Nucleus,4.3,0.031,128,no_gas
no_gas_0033,28.1813,-75.71373,Nucleus,8.41,0.031,128,no_gas
no_gas_0034,134.21824,-76.84817,SFR,5.35,0.031,128,no_gas
no_gas_0035,67.5383,73.45198,Nucleus,3.97,0.031,128,no_gas
no_gas_0036,194.42998,83.37233,SFR,1.35,0.031,128,no_gas
no_gas_0037,340.55412,42.61115,SFR,3.23,0.031,128,no_gas
no_gas_0038,208.47249,-47.46894,GC,4.3,0.031,128,no_gas
no_gas_0039,157.96265,-78.72306,GC,1.89,0.031,128,no_gas
no_gas_0040,142.93818,-77.73542,SFR,4.12,0.031,128,no_gas
no_gas_0041,220.65895,69.77394,Nucleus,2.53,0.031,128,no_gas
no_gas_0042,34.8022,51.76535,SFR,5.65,0.031,128,no_gas
no_gas_0043,345.57841,22.0801,SFR,9.45,0.031,128,no_gas
no_gas_0044,334.48002,-44.63079,GC,6.58,0.031,128,no_gas
no_gas_0045,155.99953,-61.90067,SFR,7.96,0.031,128,no_gas
no_gas_0046,129.65883,-3.98686,SFR,4.31,0.031,128,no_gas
no_gas_0047,204.22164,43.18233,SFR,7.7,0.031,128,no_gas
no_gas_0048,248.57683,-80.18039,GC,9.17,0.031,128,no_gas
no_gas_0049,250.43837,66.89384,SFR,0.24,0.031,128,no_gas
no_gas_0050,45.61223,-51.70492,SFR,6.23,0.031,128,no_gas
no_gas_0051,50.11074,44.12141,SFR,7.4,0.031,128,no_gas
no_gas_0052,246.993,69.6708,Nucleus,5.02,0.031,128,no_gas
no_gas_0053,354.86402,40.72275,GC,0.63,0.031,128,no_gas
no_gas_0054,346.95876,-18.26685,Nucleus,4.13,0.031,128,no_gas
no_gas_0055,61.5543,-47.76682,GC,2.4,0.031,128,no_gas
no_gas_0056,141.68186,20.35889,Nucleus,1.21,0.031,128,no_gas
no_gas_0057,204.19704,28.28554,GC,5.64,0.031,128,no_gas
no_gas_0058,166.76519,-33.73006,SFR,8.22,0.031,128,no_gas
no_gas_0059,186.90886,-56.09898,SFR,5.02,0.031,128,no_gas
no_gas_0060,248.15277,-5.15762,SFR,7.38,0.031,128,no_gas
no_gas_0061,322.45098,59.74027,GC,8.17,0.031,128,no_gas
no_gas_0062,227.24129,-52.9247,SFR,8.94,0.031,128,no_gas
no_gas_0063,142.48193,-33.85115,Nucleus,5.43,0.031,128,no_gas
no_gas_0064,243.19524,-42.53419,Nucleus,1.32,0.031,128,no_gas
no_gas_0065,286.52601,82.20043,Nucleus,2.71,0.031,128,no_gas
no_gas_0066,164.43972,-32.54612,GC,4.49,0.031,128,no_gas
no_gas_0067,95.49179,27.60855,Nucleus,7.65,0.031,128,no_gas
no_gas_0068,12.9947,-85.34981,Nucleus,3.74,0.031,128,no_gas
no_gas_0069,310.34458,-77.66054,Nucleus,7.95,0.031,128,no_gas
no_gas_0070,17.18131,-23.05888,SFR,2.89,0.031,128,no_gas
no_gas_0071,189.43056,38.90283,Nucleus,8.85,0.031,128,no_gas
no_gas_0072,131.21267,-62.65772,GC,3.31,0.031,128,no_gas
no_gas_0073,127.48067,53.31074,GC,8.68,0.031,128,no_gas
no_gas_0074,56.69018,-54.35172,GC,8.41,0.031,128,no_gas
no_gas_0075,251.43224,30.02323,GC,5.07,0.031,128,no_gas
no_gas_0076,126.89656,-13.55132,GC,9.7,0.031,128,no_gas
no_gas_0077,128.74402,-82.97711,Nucleus,3.56,0.031,128,no_gas
no_gas_0078,201.8964,44.28759,SFR,2.45,0.031,128,no_gas
no_gas_0079,309.39321,75.87709,SFR,4.75,0.031,128,no_gas
no_gas_0080,230.47742,37.45111,SFR,3.92,0.031,128,no_gas
no_gas_0081,184.06069,70.129,SFR,4.22,0.031,128,no_gas
no_gas_0082,241.27493,74.52762,GC,7.39,0.031,128,no_gas
no_gas_0083,261.11374,16.59808,GC,1.97,0.031,128,no_gas
no_gas_0084,286.06805,79.52826,SFR,5.53,0.031,128,no_gas
no_gas_0085,257.92689,-59.0891,SFR,2.2,0.031,128,no_gas
no_gas_0086,69.95847,33.35911,GC,6.23,0.031,128,no_gas
no_gas_0087,336.34706,-34.52296,Nucleus,0.84,0.031,128,no_gas
no_gas_0088,223.29842,-8.19384,SFR,1.04,0.031,128,no_gas
no_gas_0089,102.81822,76.31649,SFR,1.57,0.031,128,no_gas
no_gas_0090,193.71007,35.67215,Nucleus,7.27,0.031,128,no_gas
no_gas_0091,76.96146,-71.35282,Nucleus,0.47,0.031,128,no_gas
no_gas_0092,24.08153,34.60183,SFR,4.16,0.031,128,no_gas
no_gas_0093,300.0818,70.69897,Nucleus,0.41,0.031,128,no_gas
no_gas_0094,350.6972,54.10718,SFR,1.01,0.031,128,no_gas
no_gas_0095,17.23759,80.94651,GC,7.95,0.031,128,no_gas
no_gas_0096,208.33607,80.20786,SFR,8.06,0.031,128,no_gas
no_gas_0097,14.31658,82.76724,Nucleus,2.54,0.031,128,no_gas
no_gas_0098,101.76861,-82.98557,GC,2.26,0.031,128,no_gas
no_gas_0099,103.74234,-5.63803,GC,6.99,0.031,128,no_gas
no_gas_0100,239.90229,44.39791,Nucleus,0.33,0.031,128,no_gas
no_gas_0101,56.54179,61.43494,GC,6.52,0.031,128,no_gas
no_gas_0102,150.7241,77.05446,GC,9.89,0.031,128,no_gas
no_gas_0103,71.70519,-68.91259,SFR,1.23,0.031,128,no_gas
no_gas_0104,94.6635,-8.49189,SFR,4.07,0.031,128,no_gas
no_gas_0105,358.60785,-51.40384,Nucleus,5.6,0.031,128,no_gas
no_gas_0106,57.63908,37.45486,SFR,5.16,0.031,128,no_gas
no_gas_0107,172.69858,60.6701,GC,5.65,0.031,128,no_gas
no_gas_0108,183.88974,48.09831,Nucleus,0.25,0.031,128,no_gas
no_gas_0109,348.85887,87.21225,SFR,4.45,0.031,128,no_gas
no_gas_0110,216.93725,-72.41047,SFR,4.88,0.031,128,no_gas
no_gas_0111,272.25118,-75.05705,Nucleus,9.14,0.031,128,no_gas
no_gas_0112,30.84446,-3.2586,SFR,5.65,0.031,128,no_gas
no_gas_0113,84.31987,6.28694,GC,4.04,0.031,128,no_gas
no_gas_0114,71.11119,10.36092,SFR,0.4,0.031,128,no_gas
no_gas_0115,282.87772,-33.04181,Nucleus,4.56,0.031,128,no_gas
no_gas_0116,284.94421,54.05693,Nucleus,5.28,0.031,128,no_gas
no_gas_0117,108.27723,-58.5376,GC,4.44,0.031,128,no_gas
no_gas_0118,349.87027,13.00516,Nucleus,2.49,0.031,128,no_gas
no_gas_0119,199.66475,10.68922,GC,9.59,0.031,128,no_gas
no_gas_0120,4.62549,-59.78259,GC,6.83,0.031,128,no_gas
no_gas_0121,323.9722,-52.4154,SFR,5.0,0.031,128,no_gas
no_gas_0122,160.72118,3.7422,SFR,4.78,0.031,128,no_gas
no_gas_0123,325.49493,-60.50591,Nucleus,4.48,0.031,128,no_gas
no_gas_0124,308.6876,60.90314,GC,5.76,0.031,128,no_gas
no_gas_0125,28.20754,-55.06491,Nucleus,9.32,0.031,128,no_gas
no_gas_0126,5.84879,-31.04705,SFR,5.98,0.031,128,no_gas
no_gas_0127,318.61659,0.81042,SFR,8.44,0.031,128,no_gas
no_gas_0128,121.85486,-65.16886,SFR,6.1,0.031,128,no_gas
no_gas_0129,146.03224,35.47217,Nucleus,4.63,0.031,128,no_gas
no_gas_0130,223.13899,-82.56359,Nucleus,1.14,0.031,128,no_gas
no_gas_0131,5.18149,-89.1168,GC,4.8,0.031,128,no_gas
no_gas_0132,129.59798,-22.87515,GC,3.66,0.031,128,no_gas
no_gas_0133,49.93516,-36.56993,GC,1.34,0.031,128,no_gas
no_gas_0134,31.60453,-71.91806,SFR,1.63,0.031,128,no_gas
no_gas_0135,208.89616,80.03578,Nucleus,8.4,0.031,128,no_gas
no_gas_0136,221.27467,84.527,Nucleus,6.04,0.031,128,no_gas
no_gas_0137,19.5544,-61.17195,Nucleus,6.09,0.031,128,no_gas
no_gas_0138,58.70713,-34.18364,Nucleus,4.27,0.031,128,no_gas
no_gas_0139,134.92479,35.4581,GC,7.88,0.031,128,no_gas
no_gas_0140,35.75911,-11.12633,Nucleus,8.32,0.031,128,no_gas
no_gas_0141,334.67884,-70.26133,Nucleus,5.62,0.031,128,no_gas
no_gas_0142,228.36371,-62.30163,GC,3.65,0.031,128,no_gas
no_gas_0143,202.62103,3.42436,GC,3.45,0.031,128,no_gas
no_gas_0144,327.90513,37.88871,Nucleus,9.86,0.031,128,no_gas
no_gas_0145,131.10788,68.93421,Nucleus,5.19,0.031,128,no_gas
no_gas_0146,171.79174,66.5348,SFR,3.41,0.031,128,no_gas
no_gas_0147,32.5879,-58.12667,Nucleus,0.71,0.031,128,no_gas
no_gas_0148,100.58946,15.23221,SFR,5.89,0.031,128,no_gas
no_gas_0149,34.58446,60.98349,GC,3.9,0.031,128,no_gas
no_gas_0150,212.6553,26.94704,GC,4.26,0.031,128,no_gas
no_gas_0151,206.90702,70.03617,SFR,6.17,0.031,128,no_gas
no_gas_0152,57.54437,31.22461,Nucleus,9.44,0.031,128,no_gas
no_gas_0153,15.41995,-5.92906,SFR,7.14,0.031,128,no_gas
no_gas_0154,293.90926,61.66903,GC,3.04,0.031,128,no_gas
no_gas_0155,327.47065,-64.40394,Nucleus,7.0,0.031,128,no_gas
no_gas_0156,57.28826,54.95989,GC,2.29,0.031,128,no_gas
no_gas_0157,119.92495,-82.23685,SFR,6.07,0.031,128,no_gas
no_gas_0158,34.85989,26.47709,GC,8.56,0.031,128,no_gas
no_gas_0159,226.23354,-41.37456,SFR,1.65,0.031,128,no_gas
no_gas_0160,3.61944,76.5309,Nucleus,2.93,0.031,128,no_gas
no_gas_0161,6.80581,71.42664,Nucleus,2.12,0.031,128,no_gas
no_gas_0162,226.45793,-2.52825,Nucleus,0.47,0.031,128,no_gas
no_gas_0163,65.36012,-56.24328,Nucleus,0.82,0.031,128,no_gas
no_gas_0164,14.99635,70.52533,GC,6.88,0.031,128,no_gas
no_gas_0165,292.47598,-82.42167,SFR,0.53,0.031,128,no_gas
no_gas_0166,241.92123,29.05648,Nucleus,8.63,0.031,128,no_gas
no_gas_0167,342.70738,10.78958,GC,1.44,0.031,128,no_gas
no_gas_0168,317.8642,-0.00843,SFR,3.3,0.031,128,no_gas
no_gas_0169,136.19301,75.38,Nucleus,0.59,0.031,128,no_gas
no_gas_0170,180.65819,-45.0689,SFR,6.14,0.031,128,no_gas
no_gas_0171,321.27152,-88.09452,SFR,6.93,0.031,128,no_gas
no_gas_0172,289.14122,48.80452,SFR,6.36,0.031,128,no_gas
no_gas_0173,265.92591,-67.5257,SFR,0.77,0.031,128,no_gas
no_gas_0174,112.92284,47.35917,Nucleus,7.05,0.031,128,no_gas
no_gas_0175,293.63468,38.56181,GC,3.03,0.031,128,no_gas
no_gas_0176,179.61248,6.09669,GC,9.0,0.031,128,no_gas
no_gas_0177,280.89983,85.12412,Nucleus,7.62,0.031,128,no_gas
no_gas_0178,184.61082,-37.05575,GC,9.54,0.031,128,no_gas
no_gas_0179,136.09343,33.7778,GC,0.24,0.031,128,no_gas
no_gas_0180,8.49206,-79.35224,GC,4.65,0.031,128,no_gas
no_gas_0181,68.15164,34.72783,Nucleus,1.68,0.031,128,no_gas
no_gas_0182,341.78149,12.94725,GC,3.09,0.031,128,no_gas
no_gas_0183,289.1693,-78.65538,SFR,5.03,0.031,128,no_gas
no_gas_0184,276.4788,32.37842,GC,6.21,0.031,128,no_gas
no_gas_0185,191.15432,73.88803,Nucleus,0.25,0.031,128,no_gas
no_gas_0186,140.29503,-68.39084,Nucleus,0.19,0.031,128,no_gas
no_gas_0187,59.58653,32.62808,Nucleus,0.89,0.031,128,no_gas
no_gas_0188,289.16002,63.5628,SFR,5.56,0.031,128,no_gas
no_gas_0189,197.54988,55.9489,Nucleus,9.44,0.031,128,no_gas
no_gas_0190,263.00403,21.55773,GC,3.84,0.031,128,no_gas
no_gas_0191,272.2383,-85.71879,SFR,5.32,0.031,128,no_gas
no_gas_0192,57.24832,-13.27429,SFR,9.79,0.031,128,no_gas
no_gas_0193,119.2425,-41.23046,GC,8.01,0.031,128,no_gas
no_gas_0194,192.12829,-50.5909,GC,1.04,0.031,128,no_gas
no_gas_0195,116.47256,-56.41347,SFR,0.58,0.031,128,no_gas
no_gas_0196,222.44904,-53.35735,Nucleus,8.69,0.031,128,no_gas
no_gas_0197,313.15961,-49.60987,SFR,0.88,0.031,128,no_gas
no_gas_0198,4.26015,19.1114,Nucleus,7.69,0.031,128,no_gas
no_gas_0199,292.39197,66.62737,GC,0.39,0.031,128,no_gas
